mode,trans_A,trans_B,BM,BK,BN,TM,TK,TN,latency
dds,False,False,8,8,8,2,2,2,346.447265625
dds,False,False,8,8,16,4,8,2,185.52266845703124
dds,False,False,8,8,32,2,2,8,136.56832275390624
dds,False,False,8,8,64,2,2,16,130.3582763671875
dds,False,False,8,8,128,2,2,2,inf
dds,False,False,8,16,8,2,4,2,325.844775390625
dds,False,False,8,16,16,2,4,2,176.13494873046875
dds,False,False,8,16,32,2,8,4,134.83704833984376
dds,False,False,8,16,64,4,8,4,136.79031982421876
dds,False,False,8,16,128,4,2,8,135.889501953125
dds,False,False,8,32,8,2,16,2,317.956201171875
dds,False,False,8,32,16,4,2,2,174.03084716796874
dds,False,False,8,32,32,4,8,2,140.1439208984375
dds,False,False,8,32,64,4,2,2,140.1817138671875
dds,False,False,8,32,128,4,2,8,132.7256591796875
dds,False,False,8,64,8,2,16,2,316.356591796875
dds,False,False,8,64,16,2,16,2,176.83394775390624
dds,False,False,8,64,32,2,16,4,140.68807373046874
dds,False,False,8,64,64,2,4,2,140.6648193359375
dds,False,False,8,64,128,4,2,2,140.1185302734375
dds,False,False,8,128,8,2,2,2,inf
dds,False,False,8,128,16,2,2,2,185.685791015625
dds,False,False,8,128,32,2,4,2,141.045654296875
dds,False,False,8,128,64,2,4,2,142.7243896484375
dds,False,False,8,128,128,2,2,2,inf
dds,False,False,16,8,8,4,8,2,180.28349609375
dds,False,False,16,8,16,4,4,2,90.68286743164064
dds,False,False,16,8,32,2,8,8,63.76509399414063
dds,False,False,16,8,64,2,2,16,57.508349609375
dds,False,False,16,8,128,4,4,16,66.71492919921874
dds,False,False,16,16,8,2,8,2,164.16531982421876
dds,False,False,16,16,16,2,2,4,90.65840454101564
dds,False,False,16,16,32,2,4,8,65.7502197265625
dds,False,False,16,16,64,4,2,8,68.99260864257812
dds,False,False,16,16,128,16,16,2,68.54666137695312
dds,False,False,16,32,8,2,8,4,157.861474609375
dds,False,False,16,32,16,2,8,2,86.76648559570313
dds,False,False,16,32,32,2,16,4,70.3776611328125
dds,False,False,16,32,64,4,4,2,70.49021606445312
dds,False,False,16,32,128,8,4,2,71.19052734375
dds,False,False,16,64,8,2,16,2,157.70018310546874
dds,False,False,16,64,16,4,4,2,89.58597412109376
dds,False,False,16,64,32,2,4,2,71.65633544921874
dds,False,False,16,64,64,2,16,2,72.54589233398437
dds,False,False,16,64,128,4,16,4,71.78956909179688
dds,False,False,16,128,8,2,2,2,130.49764404296874
dds,False,False,16,128,16,2,4,2,92.35322875976564
dds,False,False,16,128,32,2,4,2,72.428955078125
dds,False,False,16,128,64,2,2,2,71.17189331054688
dds,False,False,16,128,128,2,2,2,inf
dds,False,False,32,8,8,8,2,2,101.254248046875
dds,False,False,32,8,16,8,4,2,53.191357421875
dds,False,False,32,8,32,16,4,2,33.65990295410156
dds,False,False,32,8,64,4,8,16,33.06301574707031
dds,False,False,32,8,128,2,2,2,inf
dds,False,False,32,16,8,2,16,4,91.6569091796875
dds,False,False,32,16,16,8,4,2,49.24136047363281
dds,False,False,32,16,32,4,8,8,34.12129211425781
dds,False,False,32,16,64,4,8,4,34.86095275878906
dds,False,False,32,16,128,2,2,2,inf
dds,False,False,32,32,8,4,4,2,92.7152099609375
dds,False,False,32,32,16,8,16,2,48.76431274414063
dds,False,False,32,32,32,8,2,2,37.743002319335936
dds,False,False,32,32,64,8,4,2,35.66120910644531
dds,False,False,32,32,128,2,2,2,inf
dds,False,False,32,64,8,4,4,2,93.60137939453124
dds,False,False,32,64,16,4,16,2,52.41231079101563
dds,False,False,32,64,32,8,4,2,38.35975646972656
dds,False,False,32,64,64,4,8,2,37.809765625
dds,False,False,32,64,128,2,2,2,inf
dds,False,False,32,128,8,2,16,2,110.852392578125
dds,False,False,32,128,16,4,16,2,62.65753784179688
dds,False,False,32,128,32,4,8,2,41.68714294433594
dds,False,False,32,128,64,4,4,2,38.31879577636719
dds,False,False,32,128,128,2,2,2,inf
dds,False,False,64,8,8,16,2,2,66.14743041992188
dds,False,False,64,8,16,16,8,2,32.39331970214844
dds,False,False,64,8,32,8,8,8,23.92657928466797
dds,False,False,64,8,64,2,2,2,inf
dds,False,False,64,8,128,2,2,2,inf
dds,False,False,64,16,8,8,4,2,59.19006958007813
dds,False,False,64,16,16,16,2,2,30.32555541992188
dds,False,False,64,16,32,8,4,4,24.202114868164063
dds,False,False,64,16,64,2,2,2,inf
dds,False,False,64,16,128,2,2,2,inf
dds,False,False,64,32,8,8,16,2,76.00281372070313
dds,False,False,64,32,16,8,8,2,43.748556518554686
dds,False,False,64,32,32,16,4,2,28.074496459960937
dds,False,False,64,32,64,2,2,2,inf
dds,False,False,64,32,128,2,2,2,inf
dds,False,False,64,64,8,4,2,2,84.72975463867188
dds,False,False,64,64,16,4,16,2,49.43759460449219
dds,False,False,64,64,32,8,8,2,30.441778564453124
dds,False,False,64,64,64,2,2,2,inf
dds,False,False,64,64,128,2,2,2,inf
dds,False,False,64,128,8,2,2,2,130.02669677734374
dds,False,False,64,128,16,4,16,2,60.84157104492188
dds,False,False,64,128,32,4,16,2,38.609613037109376
dds,False,False,64,128,64,2,2,2,inf
dds,False,False,64,128,128,2,2,2,inf
dds,False,False,128,8,8,16,4,4,62.37511596679688
dds,False,False,128,8,16,16,2,4,29.57547607421875
dds,False,False,128,8,32,2,2,2,inf
dds,False,False,128,8,64,2,2,2,inf
dds,False,False,128,8,128,2,2,2,inf
dds,False,False,128,16,8,16,8,2,57.271295166015626
dds,False,False,128,16,16,16,4,2,28.65172424316406
dds,False,False,128,16,32,2,2,2,inf
dds,False,False,128,16,64,2,2,2,inf
dds,False,False,128,16,128,2,2,2,inf
dds,False,False,128,32,8,8,16,2,78.53148193359375
dds,False,False,128,32,16,8,8,2,42.23107299804688
dds,False,False,128,32,32,2,2,2,inf
dds,False,False,128,32,64,2,2,2,inf
dds,False,False,128,32,128,2,2,2,inf
dds,False,False,128,64,8,4,2,2,99.802197265625
dds,False,False,128,64,16,8,8,2,52.353125
dds,False,False,128,64,32,2,2,2,inf
dds,False,False,128,64,64,2,2,2,inf
dds,False,False,128,64,128,2,2,2,inf
dds,False,False,128,128,8,2,2,2,inf
dds,False,False,128,128,16,2,2,2,inf
dds,False,False,128,128,32,2,2,2,inf
dds,False,False,128,128,64,2,2,2,inf
dds,False,False,128,128,128,2,2,2,inf
dds,False,True,8,8,8,2,2,2,397.6466552734375
dds,False,True,8,8,16,2,4,8,267.2733154296875
dds,False,True,8,8,32,2,4,16,297.122412109375
dds,False,True,8,8,64,8,2,8,310.2191650390625
dds,False,True,8,8,128,8,4,8,113.92952880859374
dds,False,True,8,16,8,2,2,2,205.70625
dds,False,True,8,16,16,2,16,4,155.09473876953126
dds,False,True,8,16,32,8,4,2,120.915966796875
dds,False,True,8,16,64,8,8,4,187.51968994140623
dds,False,True,8,16,128,4,4,16,205.458935546875
dds,False,True,8,32,8,2,8,2,263.9460205078125
dds,False,True,8,32,16,2,2,2,139.62332763671876
dds,False,True,8,32,32,4,16,2,140.8869384765625
dds,False,True,8,32,64,4,4,2,112.25426025390624
dds,False,True,8,32,128,8,4,2,140.99168701171874
dds,False,True,8,64,8,2,4,2,378.4112060546875
dds,False,True,8,64,16,2,16,2,185.98646240234376
dds,False,True,8,64,32,4,16,2,157.18707275390625
dds,False,True,8,64,64,4,16,2,155.3437744140625
dds,False,True,8,64,128,4,2,2,157.50615234375
dds,False,True,8,128,8,2,2,2,inf
dds,False,True,8,128,16,2,16,2,308.24130859375
dds,False,True,8,128,32,2,2,2,287.0211669921875
dds,False,True,8,128,64,2,2,2,282.979833984375
dds,False,True,8,128,128,2,2,2,inf
dds,False,True,16,8,8,4,2,2,200.21104736328124
dds,False,True,16,8,16,2,8,4,196.3701293945313
dds,False,True,16,8,32,2,8,16,199.3069580078125
dds,False,True,16,8,64,2,8,16,146.78487548828124
dds,False,True,16,8,128,16,8,8,124.33868408203124
dds,False,True,16,16,8,2,8,2,102.47249755859374
dds,False,True,16,16,16,4,8,4,101.76768188476562
dds,False,True,16,16,32,16,16,2,95.5430908203125
dds,False,True,16,16,64,4,2,16,101.10484619140624
dds,False,True,16,16,128,4,4,8,76.63267822265625
dds,False,True,16,32,8,2,2,2,122.96375732421876
dds,False,True,16,32,16,4,2,2,81.21199340820313
dds,False,True,16,32,32,8,16,2,62.187310791015626
dds,False,True,16,32,64,4,16,2,69.6859619140625
dds,False,True,16,32,128,4,4,4,57.88958740234375
dds,False,True,16,64,8,2,2,2,164.5559814453125
dds,False,True,16,64,16,4,8,2,115.05264892578126
dds,False,True,16,64,32,8,16,2,95.08392944335938
dds,False,True,16,64,64,8,2,2,90.81487426757812
dds,False,True,16,64,128,4,4,4,89.23197631835937
dds,False,True,16,128,8,2,8,2,238.734326171875
dds,False,True,16,128,16,4,2,2,186.3947265625
dds,False,True,16,128,32,4,2,2,157.79359130859376
dds,False,True,16,128,64,4,2,2,152.9038818359375
dds,False,True,16,128,128,2,2,2,inf
dds,False,True,32,8,8,4,2,4,103.8098388671875
dds,False,True,32,8,16,2,8,16,87.20722045898438
dds,False,True,32,8,32,2,2,16,46.59742736816406
dds,False,True,32,8,64,16,8,4,96.6781982421875
dds,False,True,32,8,128,2,2,2,inf
dds,False,True,32,16,8,4,2,2,63.67701416015625
dds,False,True,32,16,16,8,8,2,51.837823486328126
dds,False,True,32,16,32,2,8,16,49.586892700195314
dds,False,True,32,16,64,2,2,8,47.16410827636719
dds,False,True,32,16,128,2,2,2,inf
dds,False,True,32,32,8,4,2,2,94.58953247070312
dds,False,True,32,32,16,8,2,2,59.1730712890625
dds,False,True,32,32,32,16,8,2,44.52433776855469
dds,False,True,32,32,64,8,2,4,38.19192199707031
dds,False,True,32,32,128,2,2,2,inf
dds,False,True,32,64,8,4,4,2,116.1966552734375
dds,False,True,32,64,16,8,8,2,78.77529296875
dds,False,True,32,64,32,8,16,2,60.08504028320313
dds,False,True,32,64,64,4,16,4,56.33953857421875
dds,False,True,32,64,128,2,2,2,inf
dds,False,True,32,128,8,2,2,2,180.709375
dds,False,True,32,128,16,4,8,2,118.262158203125
dds,False,True,32,128,32,4,16,2,97.29157104492188
dds,False,True,32,128,64,4,8,4,88.31262817382813
dds,False,True,32,128,128,2,2,2,inf
dds,False,True,64,8,8,8,2,4,65.49246215820312
dds,False,True,64,8,16,2,4,16,48.14632873535156
dds,False,True,64,8,32,2,4,16,52.657666015625
dds,False,True,64,8,64,2,2,2,inf
dds,False,True,64,8,128,2,2,2,inf
dds,False,True,64,16,8,8,8,2,51.87501831054688
dds,False,True,64,16,16,16,4,2,32.64102478027344
dds,False,True,64,16,32,16,16,2,29.38050537109375
dds,False,True,64,16,64,2,2,2,inf
dds,False,True,64,16,128,2,2,2,inf
dds,False,True,64,32,8,8,4,2,84.91397094726562
dds,False,True,64,32,16,16,16,2,49.67843933105469
dds,False,True,64,32,32,8,16,4,35.14662475585938
dds,False,True,64,32,64,2,2,2,inf
dds,False,True,64,32,128,2,2,2,inf
dds,False,True,64,64,8,4,16,2,99.67421264648438
dds,False,True,64,64,16,8,2,2,65.002392578125
dds,False,True,64,64,32,16,4,2,45.50236206054687
dds,False,True,64,64,64,2,2,2,inf
dds,False,True,64,64,128,2,2,2,inf
dds,False,True,64,128,8,4,8,2,164.678125
dds,False,True,64,128,16,4,8,2,91.44155883789062
dds,False,True,64,128,32,8,8,2,62.4695068359375
dds,False,True,64,128,64,2,2,2,inf
dds,False,True,64,128,128,2,2,2,inf
dds,False,True,128,8,8,16,2,4,62.599884033203125
dds,False,True,128,8,16,16,8,4,32.633242797851565
dds,False,True,128,8,32,2,2,2,inf
dds,False,True,128,8,64,2,2,2,inf
dds,False,True,128,8,128,2,2,2,inf
dds,False,True,128,16,8,16,2,2,47.714697265625
dds,False,True,128,16,16,16,8,2,29.39852905273437
dds,False,True,128,16,32,2,2,2,inf
dds,False,True,128,16,64,2,2,2,inf
dds,False,True,128,16,128,2,2,2,inf
dds,False,True,128,32,8,8,8,2,84.24837036132813
dds,False,True,128,32,16,16,4,2,45.77205810546875
dds,False,True,128,32,32,2,2,2,inf
dds,False,True,128,32,64,2,2,2,inf
dds,False,True,128,32,128,2,2,2,inf
dds,False,True,128,64,8,4,16,4,112.75662841796876
dds,False,True,128,64,16,8,16,2,60.74285888671875
dds,False,True,128,64,32,2,2,2,inf
dds,False,True,128,64,64,2,2,2,inf
dds,False,True,128,64,128,2,2,2,inf
dds,False,True,128,128,8,2,2,2,inf
dds,False,True,128,128,16,2,2,2,inf
dds,False,True,128,128,32,2,2,2,inf
dds,False,True,128,128,64,2,2,2,inf
dds,False,True,128,128,128,2,2,2,inf
dds,True,False,8,8,8,2,2,2,364.7280029296875
dds,True,False,8,8,16,4,8,4,196.1740234375
dds,True,False,8,8,32,2,4,8,137.6901123046875
dds,True,False,8,8,64,2,2,16,131.92947998046876
dds,True,False,8,8,128,2,2,2,inf
dds,True,False,8,16,8,2,8,2,351.3238525390625
dds,True,False,8,16,16,2,4,2,193.1760620117188
dds,True,False,8,16,32,2,8,8,136.7863037109375
dds,True,False,8,16,64,8,4,2,139.0878662109375
dds,True,False,8,16,128,4,16,8,138.1424072265625
dds,True,False,8,32,8,2,2,2,349.33310546875
dds,True,False,8,32,16,4,2,2,189.50655517578124
dds,True,False,8,32,32,2,4,4,140.9553466796875
dds,True,False,8,32,64,4,2,2,140.61055908203124
dds,True,False,8,32,128,8,4,4,135.57197265625
dds,True,False,8,64,8,2,16,2,352.42158203125
dds,True,False,8,64,16,2,8,2,191.4159912109375
dds,True,False,8,64,32,2,16,2,141.60804443359376
dds,True,False,8,64,64,2,8,2,140.1777099609375
dds,True,False,8,64,128,4,8,2,138.94029541015624
dds,True,False,8,128,8,2,16,2,345.75576171875
dds,True,False,8,128,16,2,4,2,195.1240234375
dds,True,False,8,128,32,2,2,2,141.89752197265625
dds,True,False,8,128,64,2,16,2,138.83187255859374
dds,True,False,8,128,128,2,2,2,inf
dds,True,False,16,8,8,4,4,2,184.3178466796875
dds,True,False,16,8,16,2,2,4,97.78770141601562
dds,True,False,16,8,32,2,2,8,66.57802124023438
dds,True,False,16,8,64,2,8,16,59.66036987304688
dds,True,False,16,8,128,4,4,16,67.42958374023438
dds,True,False,16,16,8,2,8,2,175.861865234375
dds,True,False,16,16,16,8,4,2,93.49168701171877
dds,True,False,16,16,32,2,2,8,63.482470703125
dds,True,False,16,16,64,16,16,2,70.76022338867188
dds,True,False,16,16,128,16,4,2,69.24093627929688
dds,True,False,16,32,8,2,8,2,169.58443603515624
dds,True,False,16,32,16,2,8,4,90.878564453125
dds,True,False,16,32,32,2,16,4,69.61937255859375
dds,True,False,16,32,64,2,8,4,70.58042602539062
dds,True,False,16,32,128,2,16,8,71.03016967773438
dds,True,False,16,64,8,2,4,2,170.38345947265626
dds,True,False,16,64,16,4,4,2,92.02206420898438
dds,True,False,16,64,32,2,16,2,72.21043090820312
dds,True,False,16,64,64,2,8,2,72.28897094726562
dds,True,False,16,64,128,2,8,4,70.91937255859375
dds,True,False,16,128,8,2,2,2,150.3752197265625
dds,True,False,16,128,16,2,8,2,93.9304931640625
dds,True,False,16,128,32,2,8,2,72.27095336914063
dds,True,False,16,128,64,2,2,2,70.86336059570313
dds,True,False,16,128,128,2,2,2,inf
dds,True,False,32,8,8,8,2,2,171.532666015625
dds,True,False,32,8,16,8,8,2,60.76968994140625
dds,True,False,32,8,32,8,4,4,38.84349365234375
dds,True,False,32,8,64,4,8,16,34.237945556640625
dds,True,False,32,8,128,2,2,2,inf
dds,True,False,32,16,8,4,16,2,104.82421875
dds,True,False,32,16,16,8,16,2,58.68594970703125
dds,True,False,32,16,32,8,4,4,38.49779052734375
dds,True,False,32,16,64,4,16,16,36.58433532714844
dds,True,False,32,16,128,2,2,2,inf
dds,True,False,32,32,8,4,8,2,131.81746826171874
dds,True,False,32,32,16,8,8,2,67.30023803710938
dds,True,False,32,32,32,8,4,4,42.1317626953125
dds,True,False,32,32,64,4,4,4,36.757080078125
dds,True,False,32,32,128,2,2,2,inf
dds,True,False,32,64,8,4,16,2,131.2527099609375
dds,True,False,32,64,16,8,2,2,69.99695434570313
dds,True,False,32,64,32,8,8,2,45.15665893554687
dds,True,False,32,64,64,4,8,4,37.94001770019531
dds,True,False,32,64,128,2,2,2,inf
dds,True,False,32,128,8,2,2,2,149.5387939453125
dds,True,False,32,128,16,4,16,2,77.89833374023438
dds,True,False,32,128,32,4,8,2,50.59368896484375
dds,True,False,32,128,64,4,2,2,42.87426452636719
dds,True,False,32,128,128,2,2,2,inf
dds,True,False,64,8,8,8,8,4,272.1482666015625
dds,True,False,64,8,16,8,8,4,78.639306640625
dds,True,False,64,8,32,8,2,8,45.4640625
dds,True,False,64,8,64,2,2,2,inf
dds,True,False,64,8,128,2,2,2,inf
dds,True,False,64,16,8,8,2,2,152.18533935546876
dds,True,False,64,16,16,16,4,2,79.01703491210938
dds,True,False,64,16,32,8,2,8,48.4632568359375
dds,True,False,64,16,64,2,2,2,inf
dds,True,False,64,16,128,2,2,2,inf
dds,True,False,64,32,8,8,8,2,180.0457275390625
dds,True,False,64,32,16,16,16,2,92.72125244140624
dds,True,False,64,32,32,16,4,2,51.453643798828125
dds,True,False,64,32,64,2,2,2,inf
dds,True,False,64,32,128,2,2,2,inf
dds,True,False,64,64,8,8,8,2,184.9154541015625
dds,True,False,64,64,16,8,4,2,97.60112915039062
dds,True,False,64,64,32,8,4,2,54.843597412109375
dds,True,False,64,64,64,2,2,2,inf
dds,True,False,64,64,128,2,2,2,inf
dds,True,False,64,128,8,4,4,2,198.31817626953125
dds,True,False,64,128,16,4,2,2,104.98519287109374
dds,True,False,64,128,32,8,2,2,57.97058715820312
dds,True,False,64,128,64,2,2,2,inf
dds,True,False,64,128,128,2,2,2,inf
dds,True,False,128,8,8,2,2,2,inf
dds,True,False,128,8,16,8,2,8,132.52567138671876
dds,True,False,128,8,32,2,2,2,inf
dds,True,False,128,8,64,2,2,2,inf
dds,True,False,128,8,128,2,2,2,inf
dds,True,False,128,16,8,16,8,2,264.026416015625
dds,True,False,128,16,16,16,4,2,136.8701904296875
dds,True,False,128,16,32,2,2,2,inf
dds,True,False,128,16,64,2,2,2,inf
dds,True,False,128,16,128,2,2,2,inf
dds,True,False,128,32,8,8,8,2,294.5623779296875
dds,True,False,128,32,16,16,4,2,149.01636962890626
dds,True,False,128,32,32,2,2,2,inf
dds,True,False,128,32,64,2,2,2,inf
dds,True,False,128,32,128,2,2,2,inf
dds,True,False,128,64,8,8,8,2,304.08681640625
dds,True,False,128,64,16,8,16,2,155.3440673828125
dds,True,False,128,64,32,2,2,2,inf
dds,True,False,128,64,64,2,2,2,inf
dds,True,False,128,64,128,2,2,2,inf
dds,True,False,128,128,8,2,2,2,inf
dds,True,False,128,128,16,2,2,2,inf
dds,True,False,128,128,32,2,2,2,inf
dds,True,False,128,128,64,2,2,2,inf
dds,True,False,128,128,128,2,2,2,inf
dds,True,True,8,8,8,2,2,2,399.963330078125
dds,True,True,8,8,16,2,4,8,406.4051025390625
dds,True,True,8,8,32,2,2,16,314.0001708984375
dds,True,True,8,8,64,8,2,8,292.6605224609375
dds,True,True,8,8,128,8,4,8,320.0722900390625
dds,True,True,8,16,8,2,2,2,208.4537109375
dds,True,True,8,16,16,2,8,4,209.2707763671875
dds,True,True,8,16,32,8,4,2,193.5134765625
dds,True,True,8,16,64,2,8,16,213.47880859375
dds,True,True,8,16,128,4,8,16,224.5900390625
dds,True,True,8,32,8,2,16,2,273.5004638671875
dds,True,True,8,32,16,2,4,2,140.41446533203126
dds,True,True,8,32,32,4,16,2,141.41317138671874
dds,True,True,8,32,64,2,16,4,105.32105712890623
dds,True,True,8,32,128,8,4,2,141.51424560546874
dds,True,True,8,64,8,2,2,2,386.3058349609375
dds,True,True,8,64,16,2,2,2,192.13475341796877
dds,True,True,8,64,32,4,2,2,159.93128662109376
dds,True,True,8,64,64,4,8,2,156.082666015625
dds,True,True,8,64,128,4,2,2,159.44642333984376
dds,True,True,8,128,8,2,2,2,inf
dds,True,True,8,128,16,2,8,2,310.764306640625
dds,True,True,8,128,32,2,2,2,290.8535888671875
dds,True,True,8,128,64,2,2,2,286.5373291015625
dds,True,True,8,128,128,2,2,2,inf
dds,True,True,16,8,8,4,8,2,201.5918090820313
dds,True,True,16,8,16,2,4,8,201.9950439453125
dds,True,True,16,8,32,2,4,16,104.681982421875
dds,True,True,16,8,64,2,2,16,184.5109619140625
dds,True,True,16,8,128,16,2,8,167.90589599609376
dds,True,True,16,16,8,2,2,2,109.98385009765624
dds,True,True,16,16,16,4,16,2,105.0525634765625
dds,True,True,16,16,32,2,2,8,75.39658813476562
dds,True,True,16,16,64,4,2,16,103.42451171875
dds,True,True,16,16,128,4,4,8,86.31336669921875
dds,True,True,16,32,8,2,2,2,144.20714111328124
dds,True,True,16,32,16,4,16,2,89.20360107421875
dds,True,True,16,32,32,8,2,2,70.08348388671875
dds,True,True,16,32,64,4,16,2,70.05478515625
dds,True,True,16,32,128,4,8,4,57.00474853515625
dds,True,True,16,64,8,2,4,2,175.2057861328125
dds,True,True,16,64,16,4,4,2,118.56875
dds,True,True,16,64,32,8,16,2,97.03975830078124
dds,True,True,16,64,64,4,2,4,92.81841430664062
dds,True,True,16,64,128,4,2,4,90.65912475585938
dds,True,True,16,128,8,2,16,2,243.5973876953125
dds,True,True,16,128,16,4,16,2,182.8135986328125
dds,True,True,16,128,32,4,2,2,157.23704833984374
dds,True,True,16,128,64,4,16,2,154.74503173828126
dds,True,True,16,128,128,2,2,2,inf
dds,True,True,32,8,8,8,8,2,175.79775390625
dds,True,True,32,8,16,2,2,8,95.48892211914062
dds,True,True,32,8,32,2,2,16,79.95289306640625
dds,True,True,32,8,64,4,8,16,95.31821899414062
dds,True,True,32,8,128,2,2,2,inf
dds,True,True,32,16,8,4,16,2,109.945654296875
dds,True,True,32,16,16,8,2,2,63.509710693359374
dds,True,True,32,16,32,4,4,8,46.339776611328126
dds,True,True,32,16,64,8,2,2,43.942501831054685
dds,True,True,32,16,128,2,2,2,inf
dds,True,True,32,32,8,4,2,2,144.12000732421876
dds,True,True,32,32,16,8,16,2,81.15087280273437
dds,True,True,32,32,32,16,16,2,52.22266845703125
dds,True,True,32,32,64,8,4,4,41.66102905273438
dds,True,True,32,32,128,2,2,2,inf
dds,True,True,32,64,8,4,2,2,158.60653076171874
dds,True,True,32,64,16,8,8,2,97.88969116210936
dds,True,True,32,64,32,8,8,2,70.4606201171875
dds,True,True,32,64,64,4,16,4,60.7115234375
dds,True,True,32,64,128,2,2,2,inf
dds,True,True,32,128,8,4,4,2,197.12603759765625
dds,True,True,32,128,16,4,4,2,132.664111328125
dds,True,True,32,128,32,4,2,2,105.73443603515624
dds,True,True,32,128,64,4,4,4,92.85127563476564
dds,True,True,32,128,128,2,2,2,inf
dds,True,True,64,8,8,8,2,4,273.481103515625
dds,True,True,64,8,16,8,8,4,80.97750854492188
dds,True,True,64,8,32,8,2,4,51.42496337890625
dds,True,True,64,8,64,2,2,2,inf
dds,True,True,64,8,128,2,2,2,inf
dds,True,True,64,16,8,8,2,2,155.27698974609376
dds,True,True,64,16,16,16,16,2,81.091162109375
dds,True,True,64,16,32,8,8,4,50.919525146484375
dds,True,True,64,16,64,2,2,2,inf
dds,True,True,64,16,128,2,2,2,inf
dds,True,True,64,32,8,8,16,2,186.0886474609375
dds,True,True,64,32,16,16,8,2,98.43384399414064
dds,True,True,64,32,32,16,4,2,58.27532958984375
dds,True,True,64,32,64,2,2,2,inf
dds,True,True,64,32,128,2,2,2,inf
dds,True,True,64,64,8,4,4,2,200.7953369140625
dds,True,True,64,64,16,8,16,2,112.19527587890624
dds,True,True,64,64,32,16,16,2,69.02579345703126
dds,True,True,64,64,64,2,2,2,inf
dds,True,True,64,64,128,2,2,2,inf
dds,True,True,64,128,8,4,4,2,226.6389404296875
dds,True,True,64,128,16,4,8,2,133.59820556640625
dds,True,True,64,128,32,8,8,2,85.59329223632812
dds,True,True,64,128,64,2,2,2,inf
dds,True,True,64,128,128,2,2,2,inf
dds,True,True,128,8,8,2,2,2,inf
dds,True,True,128,8,16,8,2,8,131.95755615234376
dds,True,True,128,8,32,2,2,2,inf
dds,True,True,128,8,64,2,2,2,inf
dds,True,True,128,8,128,2,2,2,inf
dds,True,True,128,16,8,16,4,2,264.8448974609375
dds,True,True,128,16,16,8,16,4,138.47879638671876
dds,True,True,128,16,32,2,2,2,inf
dds,True,True,128,16,64,2,2,2,inf
dds,True,True,128,16,128,2,2,2,inf
dds,True,True,128,32,8,16,16,2,297.62099609375
dds,True,True,128,32,16,16,16,2,152.25159912109376
dds,True,True,128,32,32,2,2,2,inf
dds,True,True,128,32,64,2,2,2,inf
dds,True,True,128,32,128,2,2,2,inf
dds,True,True,128,64,8,8,16,2,310.376025390625
dds,True,True,128,64,16,8,8,2,161.4609375
dds,True,True,128,64,32,2,2,2,inf
dds,True,True,128,64,64,2,2,2,inf
dds,True,True,128,64,128,2,2,2,inf
dds,True,True,128,128,8,2,2,2,inf
dds,True,True,128,128,16,2,2,2,inf
dds,True,True,128,128,32,2,2,2,inf
dds,True,True,128,128,64,2,2,2,inf
dds,True,True,128,128,128,2,2,2,inf
dsd,False,False,8,8,8,2,2,2,191.5309936523437
dsd,False,False,8,8,16,4,4,2,142.9000244140625
dsd,False,False,8,8,32,2,4,8,139.456103515625
dsd,False,False,8,8,64,2,2,16,135.39779052734374
dsd,False,False,8,8,128,2,2,2,inf
dsd,False,False,8,16,8,2,8,2,159.67723388671874
dsd,False,False,8,16,16,2,2,2,141.12962646484374
dsd,False,False,8,16,32,2,16,4,137.17186279296874
dsd,False,False,8,16,64,8,16,4,138.9296630859375
dsd,False,False,8,16,128,2,2,16,137.25614013671876
dsd,False,False,8,32,8,2,16,2,165.84366455078126
dsd,False,False,8,32,16,2,16,2,141.4387451171875
dsd,False,False,8,32,32,8,8,2,141.15389404296874
dsd,False,False,8,32,64,2,8,4,140.5824951171875
dsd,False,False,8,32,128,2,2,2,inf
dsd,False,False,8,64,8,2,2,2,163.56669921875
dsd,False,False,8,64,16,2,8,2,140.79385986328126
dsd,False,False,8,64,32,4,4,2,141.07493896484374
dsd,False,False,8,64,64,2,2,2,inf
dsd,False,False,8,64,128,2,2,2,inf
dsd,False,False,8,128,8,2,2,2,inf
dsd,False,False,8,128,16,2,2,2,140.94683837890625
dsd,False,False,8,128,32,2,2,2,inf
dsd,False,False,8,128,64,2,2,2,inf
dsd,False,False,8,128,128,2,2,2,inf
dsd,False,False,16,8,8,4,2,2,109.829833984375
dsd,False,False,16,8,16,2,2,4,67.8739990234375
dsd,False,False,16,8,32,2,2,8,67.15709228515625
dsd,False,False,16,8,64,2,2,16,59.45750122070312
dsd,False,False,16,8,128,16,2,4,68.67128295898438
dsd,False,False,16,16,8,2,2,2,82.72291870117188
dsd,False,False,16,16,16,2,8,4,71.8519287109375
dsd,False,False,16,16,32,2,4,8,66.51893920898438
dsd,False,False,16,16,64,16,2,2,70.88312377929688
dsd,False,False,16,16,128,16,4,2,68.99373779296874
dsd,False,False,16,32,8,2,4,2,99.39988403320312
dsd,False,False,16,32,16,4,16,2,72.16117553710937
dsd,False,False,16,32,32,8,4,2,67.4820068359375
dsd,False,False,16,32,64,2,2,4,71.96723022460938
dsd,False,False,16,32,128,2,2,2,inf
dsd,False,False,16,64,8,2,2,2,97.66973266601562
dsd,False,False,16,64,16,2,4,2,72.28272705078125
dsd,False,False,16,64,32,2,2,2,72.5897216796875
dsd,False,False,16,64,64,2,2,2,inf
dsd,False,False,16,64,128,2,2,2,inf
dsd,False,False,16,128,8,2,8,2,117.42637939453124
dsd,False,False,16,128,16,2,2,2,76.32855224609375
dsd,False,False,16,128,32,2,2,2,inf
dsd,False,False,16,128,64,2,2,2,inf
dsd,False,False,16,128,128,2,2,2,inf
dsd,False,False,32,8,8,8,2,2,77.55427856445313
dsd,False,False,32,8,16,8,4,2,43.420654296875
dsd,False,False,32,8,32,4,2,8,36.51061096191406
dsd,False,False,32,8,64,16,8,2,34.29179382324219
dsd,False,False,32,8,128,4,8,16,35.03697814941406
dsd,False,False,32,16,8,4,2,2,58.53501586914062
dsd,False,False,32,16,16,8,2,2,38.48028259277344
dsd,False,False,32,16,32,16,16,2,34.754150390625
dsd,False,False,32,16,64,8,8,2,35.0497802734375
dsd,False,False,32,16,128,16,8,2,34.821832275390626
dsd,False,False,32,32,8,4,4,2,81.96536254882812
dsd,False,False,32,32,16,8,4,2,45.167718505859376
dsd,False,False,32,32,32,8,8,2,37.82635498046875
dsd,False,False,32,32,64,4,16,2,37.30174865722656
dsd,False,False,32,32,128,2,2,2,inf
dsd,False,False,32,64,8,4,16,2,84.30346069335937
dsd,False,False,32,64,16,4,16,2,51.648583984375
dsd,False,False,32,64,32,4,2,2,38.18772583007812
dsd,False,False,32,64,64,2,2,2,inf
dsd,False,False,32,64,128,2,2,2,inf
dsd,False,False,32,128,8,2,2,2,107.4925537109375
dsd,False,False,32,128,16,4,4,2,63.33204345703125
dsd,False,False,32,128,32,2,2,2,inf
dsd,False,False,32,128,64,2,2,2,inf
dsd,False,False,32,128,128,2,2,2,inf
dsd,False,False,64,8,8,8,8,4,66.64652709960937
dsd,False,False,64,8,16,16,8,2,31.68522338867188
dsd,False,False,64,8,32,8,2,8,26.4263671875
dsd,False,False,64,8,64,8,2,8,25.222451782226564
dsd,False,False,64,8,128,16,2,4,23.744717407226563
dsd,False,False,64,16,8,8,4,2,51.46163330078125
dsd,False,False,64,16,16,16,2,2,29.58365478515625
dsd,False,False,64,16,32,8,4,4,25.577880859375
dsd,False,False,64,16,64,8,2,4,24.477081298828125
dsd,False,False,64,16,128,8,2,8,23.58855743408203
dsd,False,False,64,32,8,8,8,2,74.31342163085938
dsd,False,False,64,32,16,8,8,2,42.91983337402344
dsd,False,False,64,32,32,8,8,4,28.376065063476563
dsd,False,False,64,32,64,8,8,4,23.48838348388672
dsd,False,False,64,32,128,2,2,2,inf
dsd,False,False,64,64,8,4,8,2,83.88802490234374
dsd,False,False,64,64,16,4,4,2,49.419775390625
dsd,False,False,64,64,32,8,16,2,30.32053833007813
dsd,False,False,64,64,64,2,2,2,inf
dsd,False,False,64,64,128,2,2,2,inf
dsd,False,False,64,128,8,2,2,2,122.1655517578125
dsd,False,False,64,128,16,4,16,2,64.27389526367188
dsd,False,False,64,128,32,2,2,2,inf
dsd,False,False,64,128,64,2,2,2,inf
dsd,False,False,64,128,128,2,2,2,inf
dsd,False,False,128,8,8,16,4,4,59.268896484375
dsd,False,False,128,8,16,8,4,8,30.05284118652344
dsd,False,False,128,8,32,8,8,8,24.729702758789063
dsd,False,False,128,8,64,16,2,4,22.941696166992188
dsd,False,False,128,8,128,16,4,4,24.450729370117188
dsd,False,False,128,16,8,16,8,2,48.74741821289062
dsd,False,False,128,16,16,16,4,2,28.809829711914062
dsd,False,False,128,16,32,8,2,4,24.48732147216797
dsd,False,False,128,16,64,8,8,8,23.141786193847658
dsd,False,False,128,16,128,8,2,8,22.406935119628905
dsd,False,False,128,32,8,8,8,2,81.20964965820312
dsd,False,False,128,32,16,8,8,2,41.73648376464844
dsd,False,False,128,32,32,8,8,4,27.508633422851563
dsd,False,False,128,32,64,16,4,4,24.02519073486328
dsd,False,False,128,32,128,2,2,2,inf
dsd,False,False,128,64,8,4,2,2,101.65493774414062
dsd,False,False,128,64,16,8,8,2,52.14627685546875
dsd,False,False,128,64,32,8,4,2,30.089627075195317
dsd,False,False,128,64,64,2,2,2,inf
dsd,False,False,128,64,128,2,2,2,inf
dsd,False,False,128,128,8,2,2,2,inf
dsd,False,False,128,128,16,2,2,2,inf
dsd,False,False,128,128,32,2,2,2,inf
dsd,False,False,128,128,64,2,2,2,inf
dsd,False,False,128,128,128,2,2,2,inf
dsd,False,True,8,8,8,2,4,2,195.2174072265625
dsd,False,True,8,8,16,4,4,2,150.169189453125
dsd,False,True,8,8,32,2,8,8,139.71568603515624
dsd,False,True,8,8,64,2,8,16,138.71278076171876
dsd,False,True,8,8,128,4,4,16,137.86224365234375
dsd,False,True,8,16,8,2,2,2,200.561767578125
dsd,False,True,8,16,16,2,2,2,144.09287109375
dsd,False,True,8,16,32,8,4,2,148.59796142578125
dsd,False,True,8,16,64,8,2,4,143.811376953125
dsd,False,True,8,16,128,8,2,4,143.46802978515626
dsd,False,True,8,32,8,2,8,2,276.1943115234375
dsd,False,True,8,32,16,2,2,2,150.904833984375
dsd,False,True,8,32,32,2,2,2,152.08131103515626
dsd,False,True,8,32,64,2,16,4,136.442138671875
dsd,False,True,8,32,128,2,2,2,inf
dsd,False,True,8,64,8,2,16,2,380.849365234375
dsd,False,True,8,64,16,2,2,2,190.4585693359375
dsd,False,True,8,64,32,4,2,2,164.3568115234375
dsd,False,True,8,64,64,2,2,2,inf
dsd,False,True,8,64,128,2,2,2,inf
dsd,False,True,8,128,8,2,2,2,inf
dsd,False,True,8,128,16,2,2,2,304.826025390625
dsd,False,True,8,128,32,2,2,2,inf
dsd,False,True,8,128,64,2,2,2,inf
dsd,False,True,8,128,128,2,2,2,inf
dsd,False,True,16,8,8,4,2,2,116.1891845703125
dsd,False,True,16,8,16,2,8,4,76.41241455078125
dsd,False,True,16,8,32,2,2,8,74.0337646484375
dsd,False,True,16,8,64,2,8,16,71.31473999023437
dsd,False,True,16,8,128,4,8,16,70.32268676757812
dsd,False,True,16,16,8,2,2,2,92.1997314453125
dsd,False,True,16,16,16,4,8,2,75.77088012695313
dsd,False,True,16,16,32,4,2,2,78.14052124023438
dsd,False,True,16,16,64,16,2,2,78.590771484375
dsd,False,True,16,16,128,2,2,16,70.82373046875
dsd,False,True,16,32,8,2,2,2,124.4768310546875
dsd,False,True,16,32,16,4,2,2,85.75979614257812
dsd,False,True,16,32,32,8,2,2,81.34788818359375
dsd,False,True,16,32,64,4,8,2,78.4594970703125
dsd,False,True,16,32,128,2,2,2,inf
dsd,False,True,16,64,8,2,2,2,166.36641845703124
dsd,False,True,16,64,16,4,8,2,117.9651123046875
dsd,False,True,16,64,32,8,8,2,97.21170043945312
dsd,False,True,16,64,64,2,2,2,inf
dsd,False,True,16,64,128,2,2,2,inf
dsd,False,True,16,128,8,2,2,2,227.211865234375
dsd,False,True,16,128,16,4,2,2,183.67445068359376
dsd,False,True,16,128,32,2,2,2,inf
dsd,False,True,16,128,64,2,2,2,inf
dsd,False,True,16,128,128,2,2,2,inf
dsd,False,True,32,8,8,8,2,2,82.42647094726563
dsd,False,True,32,8,16,8,8,2,45.360128784179686
dsd,False,True,32,8,32,16,4,2,42.12101135253906
dsd,False,True,32,8,64,2,4,16,40.78192749023437
dsd,False,True,32,8,128,4,4,16,37.76192932128906
dsd,False,True,32,16,8,4,2,2,63.4661865234375
dsd,False,True,32,16,16,8,2,2,46.11286926269531
dsd,False,True,32,16,32,16,2,2,44.24960021972656
dsd,False,True,32,16,64,8,8,2,42.553549194335936
dsd,False,True,32,16,128,16,2,2,37.30780029296875
dsd,False,True,32,32,8,4,4,2,94.68699951171877
dsd,False,True,32,32,16,8,8,2,60.38486938476562
dsd,False,True,32,32,32,8,8,4,48.58204040527344
dsd,False,True,32,32,64,4,8,8,45.13853454589844
dsd,False,True,32,32,128,2,2,2,inf
dsd,False,True,32,64,8,4,2,2,121.8534423828125
dsd,False,True,32,64,16,8,4,2,80.84459228515625
dsd,False,True,32,64,32,8,16,2,62.3984619140625
dsd,False,True,32,64,64,2,2,2,inf
dsd,False,True,32,64,128,2,2,2,inf
dsd,False,True,32,128,8,2,2,2,171.650146484375
dsd,False,True,32,128,16,4,4,2,116.75975341796877
dsd,False,True,32,128,32,2,2,2,inf
dsd,False,True,32,128,64,2,2,2,inf
dsd,False,True,32,128,128,2,2,2,inf
dsd,False,True,64,8,8,16,2,2,66.351708984375
dsd,False,True,64,8,16,8,2,4,34.971533203125
dsd,False,True,64,8,32,4,2,16,29.758053588867188
dsd,False,True,64,8,64,4,8,16,26.7695068359375
dsd,False,True,64,8,128,8,2,8,25.301702880859374
dsd,False,True,64,16,8,8,16,2,58.3183349609375
dsd,False,True,64,16,16,16,2,2,33.02317810058594
dsd,False,True,64,16,32,8,8,4,30.07764587402344
dsd,False,True,64,16,64,8,16,4,27.921511840820312
dsd,False,True,64,16,128,8,4,8,25.865625
dsd,False,True,64,32,8,8,4,2,85.84161376953125
dsd,False,True,64,32,16,8,8,2,50.681549072265625
dsd,False,True,64,32,32,8,16,4,35.13456726074219
dsd,False,True,64,32,64,8,4,4,30.035763549804688
dsd,False,True,64,32,128,2,2,2,inf
dsd,False,True,64,64,8,4,2,2,105.23985595703124
dsd,False,True,64,64,16,8,2,2,67.3208251953125
dsd,False,True,64,64,32,16,4,2,47.07389526367187
dsd,False,True,64,64,64,2,2,2,inf
dsd,False,True,64,64,128,2,2,2,inf
dsd,False,True,64,128,8,2,2,2,145.19971923828126
dsd,False,True,64,128,16,4,2,2,89.2669677734375
dsd,False,True,64,128,32,2,2,2,inf
dsd,False,True,64,128,64,2,2,2,inf
dsd,False,True,64,128,128,2,2,2,inf
dsd,False,True,128,8,8,16,2,4,64.46704711914063
dsd,False,True,128,8,16,4,4,16,36.77900695800781
dsd,False,True,128,8,32,8,4,8,30.70411376953125
dsd,False,True,128,8,64,16,2,4,25.41475830078125
dsd,False,True,128,8,128,16,4,4,25.26688995361328
dsd,False,True,128,16,8,16,2,2,55.80257568359375
dsd,False,True,128,16,16,16,2,2,33.952972412109375
dsd,False,True,128,16,32,8,2,4,27.87225646972656
dsd,False,True,128,16,64,8,2,8,24.682701110839844
dsd,False,True,128,16,128,8,16,8,23.585382080078126
dsd,False,True,128,32,8,8,4,2,88.70225830078125
dsd,False,True,128,32,16,8,4,2,46.95654296875
dsd,False,True,128,32,32,8,8,4,31.39991455078125
dsd,False,True,128,32,64,8,4,8,26.41059875488281
dsd,False,True,128,32,128,2,2,2,inf
dsd,False,True,128,64,8,4,2,2,110.9296142578125
dsd,False,True,128,64,16,8,16,2,60.833282470703125
dsd,False,True,128,64,32,16,16,2,40.478823852539065
dsd,False,True,128,64,64,2,2,2,inf
dsd,False,True,128,64,128,2,2,2,inf
dsd,False,True,128,128,8,2,2,2,inf
dsd,False,True,128,128,16,2,2,2,inf
dsd,False,True,128,128,32,2,2,2,inf
dsd,False,True,128,128,64,2,2,2,inf
dsd,False,True,128,128,128,2,2,2,inf
dsd,True,False,8,8,8,2,4,2,196.04478759765624
dsd,True,False,8,8,16,4,8,2,149.0472900390625
dsd,True,False,8,8,32,2,8,8,142.06729736328126
dsd,True,False,8,8,64,2,2,16,138.90089111328126
dsd,True,False,8,8,128,2,2,2,inf
dsd,True,False,8,16,8,2,4,2,166.29586181640624
dsd,True,False,8,16,16,2,4,2,145.54091796875
dsd,True,False,8,16,32,2,16,4,140.79332275390624
dsd,True,False,8,16,64,8,4,4,141.57967529296874
dsd,True,False,8,16,128,2,4,16,138.7620361328125
dsd,True,False,8,32,8,2,4,2,177.61934814453124
dsd,True,False,8,32,16,2,16,2,144.644287109375
dsd,True,False,8,32,32,2,8,4,142.95357666015624
dsd,True,False,8,32,64,2,2,4,141.93233642578124
dsd,True,False,8,32,128,2,2,2,inf
dsd,True,False,8,64,8,2,2,2,177.02919921875
dsd,True,False,8,64,16,2,8,2,142.3205322265625
dsd,True,False,8,64,32,4,4,2,142.78870849609376
dsd,True,False,8,64,64,2,2,2,inf
dsd,True,False,8,64,128,2,2,2,inf
dsd,True,False,8,128,8,2,4,2,191.33798828125
dsd,True,False,8,128,16,2,2,2,142.40296630859376
dsd,True,False,8,128,32,2,2,2,inf
dsd,True,False,8,128,64,2,2,2,inf
dsd,True,False,8,128,128,2,2,2,inf
dsd,True,False,16,8,8,4,4,2,155.755419921875
dsd,True,False,16,8,16,4,8,2,77.15879516601562
dsd,True,False,16,8,32,2,2,8,69.79932250976563
dsd,True,False,16,8,64,2,4,16,62.8180908203125
dsd,True,False,16,8,128,16,2,4,69.74443359375
dsd,True,False,16,16,8,2,16,2,104.33758544921876
dsd,True,False,16,16,16,4,4,2,74.32406616210938
dsd,True,False,16,16,32,2,16,8,69.3928955078125
dsd,True,False,16,16,64,16,2,2,71.24234008789062
dsd,True,False,16,16,128,2,2,16,70.21209716796875
dsd,True,False,16,32,8,2,8,2,120.39412841796874
dsd,True,False,16,32,16,4,8,2,74.49405517578126
dsd,True,False,16,32,32,4,2,4,71.88016967773437
dsd,True,False,16,32,64,2,2,4,72.29121704101563
dsd,True,False,16,32,128,2,2,2,inf
dsd,True,False,16,64,8,2,4,2,118.81768798828124
dsd,True,False,16,64,16,4,16,2,75.29912109375
dsd,True,False,16,64,32,2,16,2,72.90520629882812
dsd,True,False,16,64,64,2,2,2,inf
dsd,True,False,16,64,128,2,2,2,inf
dsd,True,False,16,128,8,2,2,2,127.24039306640626
dsd,True,False,16,128,16,2,16,2,81.93239135742188
dsd,True,False,16,128,32,2,2,2,inf
dsd,True,False,16,128,64,2,2,2,inf
dsd,True,False,16,128,128,2,2,2,inf
dsd,True,False,32,8,8,4,2,4,183.60247802734372
dsd,True,False,32,8,16,4,2,4,63.06016235351562
dsd,True,False,32,8,32,4,4,8,40.452703857421874
dsd,True,False,32,8,64,4,2,16,34.856756591796874
dsd,True,False,32,8,128,4,2,16,35.30137634277344
dsd,True,False,32,16,8,4,2,2,104.81192626953126
dsd,True,False,32,16,16,8,2,2,58.9707275390625
dsd,True,False,32,16,32,8,16,4,38.89725341796875
dsd,True,False,32,16,64,4,4,8,35.332916259765625
dsd,True,False,32,16,128,16,4,2,32.474420166015626
dsd,True,False,32,32,8,4,4,2,132.05728759765626
dsd,True,False,32,32,16,8,8,2,67.71791381835938
dsd,True,False,32,32,32,16,4,2,42.35079650878906
dsd,True,False,32,32,64,4,2,4,37.73572998046875
dsd,True,False,32,32,128,2,2,2,inf
dsd,True,False,32,64,8,4,2,2,133.3865478515625
dsd,True,False,32,64,16,8,4,2,70.73126220703125
dsd,True,False,32,64,32,8,8,2,44.9080322265625
dsd,True,False,32,64,64,2,2,2,inf
dsd,True,False,32,64,128,2,2,2,inf
dsd,True,False,32,128,8,2,2,2,151.80430908203124
dsd,True,False,32,128,16,4,4,2,79.52486572265624
dsd,True,False,32,128,32,2,2,2,inf
dsd,True,False,32,128,64,2,2,2,inf
dsd,True,False,32,128,128,2,2,2,inf
dsd,True,False,64,8,8,8,2,4,276.3603759765625
dsd,True,False,64,8,16,8,2,4,80.73357543945312
dsd,True,False,64,8,32,8,2,8,47.04132995605469
dsd,True,False,64,8,64,8,2,8,33.257470703125
dsd,True,False,64,8,128,16,2,4,27.2468994140625
dsd,True,False,64,16,8,8,16,2,154.29814453125
dsd,True,False,64,16,16,16,16,2,80.89815063476563
dsd,True,False,64,16,32,8,4,8,48.67113037109375
dsd,True,False,64,16,64,8,16,8,34.17445678710938
dsd,True,False,64,16,128,8,4,8,27.85955810546875
dsd,True,False,64,32,8,8,8,2,182.21177978515624
dsd,True,False,64,32,16,16,4,2,93.49498901367188
dsd,True,False,64,32,32,16,16,2,52.84812622070312
dsd,True,False,64,32,64,16,4,4,35.58829956054687
dsd,True,False,64,32,128,2,2,2,inf
dsd,True,False,64,64,8,8,4,2,186.49927978515623
dsd,True,False,64,64,16,8,16,2,99.7465087890625
dsd,True,False,64,64,32,16,4,2,55.89176025390625
dsd,True,False,64,64,64,2,2,2,inf
dsd,True,False,64,64,128,2,2,2,inf
dsd,True,False,64,128,8,4,16,2,203.6135986328125
dsd,True,False,64,128,16,4,2,2,106.8759033203125
dsd,True,False,64,128,32,2,2,2,inf
dsd,True,False,64,128,64,2,2,2,inf
dsd,True,False,64,128,128,2,2,2,inf
dsd,True,False,128,8,8,2,2,2,inf
dsd,True,False,128,8,16,8,2,8,132.375146484375
dsd,True,False,128,8,32,8,4,8,76.41856079101562
dsd,True,False,128,8,64,8,2,8,46.568756103515625
dsd,True,False,128,8,128,16,4,4,34.65922546386719
dsd,True,False,128,16,8,16,2,2,263.89287109375
dsd,True,False,128,16,16,16,8,2,138.90672607421874
dsd,True,False,128,16,32,8,16,8,77.42740478515626
dsd,True,False,128,16,64,8,8,8,47.06150512695312
dsd,True,False,128,16,128,8,2,8,34.272256469726564
dsd,True,False,128,32,8,16,4,2,295.225244140625
dsd,True,False,128,32,16,16,4,2,149.99757080078126
dsd,True,False,128,32,32,8,16,4,81.86920776367188
dsd,True,False,128,32,64,8,2,8,48.23459777832032
dsd,True,False,128,32,128,2,2,2,inf
dsd,True,False,128,64,8,8,8,2,306.1161865234375
dsd,True,False,128,64,16,8,8,2,157.15245361328124
dsd,True,False,128,64,32,16,16,2,83.70462646484376
dsd,True,False,128,64,64,2,2,2,inf
dsd,True,False,128,64,128,2,2,2,inf
dsd,True,False,128,128,8,2,2,2,inf
dsd,True,False,128,128,16,2,2,2,inf
dsd,True,False,128,128,32,2,2,2,inf
dsd,True,False,128,128,64,2,2,2,inf
dsd,True,False,128,128,128,2,2,2,inf
dsd,True,True,8,8,8,2,2,2,205.176123046875
dsd,True,True,8,8,16,4,8,2,154.469580078125
dsd,True,True,8,8,32,2,4,8,143.70413818359376
dsd,True,True,8,8,64,2,2,16,140.26270751953126
dsd,True,True,8,8,128,4,2,16,139.13067626953125
dsd,True,True,8,16,8,2,16,2,212.8994384765625
dsd,True,True,8,16,16,2,8,2,148.4000244140625
dsd,True,True,8,16,32,4,16,2,151.075537109375
dsd,True,True,8,16,64,8,16,4,147.540478515625
dsd,True,True,8,16,128,4,16,8,144.277099609375
dsd,True,True,8,32,8,2,2,2,275.79443359375
dsd,True,True,8,32,16,2,16,2,155.88167724609374
dsd,True,True,8,32,32,4,2,2,152.702978515625
dsd,True,True,8,32,64,2,2,4,137.5283203125
dsd,True,True,8,32,128,2,2,2,inf
dsd,True,True,8,64,8,2,16,2,391.077587890625
dsd,True,True,8,64,16,2,8,2,198.9496826171875
dsd,True,True,8,64,32,4,2,2,172.26177978515625
dsd,True,True,8,64,64,2,2,2,inf
dsd,True,True,8,64,128,2,2,2,inf
dsd,True,True,8,128,8,2,2,2,inf
dsd,True,True,8,128,16,2,2,2,310.083984375
dsd,True,True,8,128,32,2,2,2,inf
dsd,True,True,8,128,64,2,2,2,inf
dsd,True,True,8,128,128,2,2,2,inf
dsd,True,True,16,8,8,4,2,2,162.6450927734375
dsd,True,True,16,8,16,4,2,2,78.73065185546875
dsd,True,True,16,8,32,2,4,8,72.56627197265625
dsd,True,True,16,8,64,2,8,16,69.21594848632813
dsd,True,True,16,8,128,4,2,16,68.5728759765625
dsd,True,True,16,16,8,2,2,2,114.4301513671875
dsd,True,True,16,16,16,4,4,2,78.94384765625
dsd,True,True,16,16,32,4,4,2,80.41858520507813
dsd,True,True,16,16,64,16,2,2,78.91220703125
dsd,True,True,16,16,128,2,8,16,70.98726196289063
dsd,True,True,16,32,8,2,8,2,144.57723388671874
dsd,True,True,16,32,16,4,2,2,94.278759765625
dsd,True,True,16,32,32,8,2,2,81.99147338867188
dsd,True,True,16,32,64,4,8,2,78.5966064453125
dsd,True,True,16,32,128,2,2,2,inf
dsd,True,True,16,64,8,2,4,2,177.346044921875
dsd,True,True,16,64,16,4,8,2,122.8338134765625
dsd,True,True,16,64,32,8,4,2,98.97113647460938
dsd,True,True,16,64,64,2,2,2,inf
dsd,True,True,16,64,128,2,2,2,inf
dsd,True,True,16,128,8,2,8,2,236.5805419921875
dsd,True,True,16,128,16,4,2,2,187.52010498046877
dsd,True,True,16,128,32,2,2,2,inf
dsd,True,True,16,128,64,2,2,2,inf
dsd,True,True,16,128,128,2,2,2,inf
dsd,True,True,32,8,8,8,8,2,179.2468994140625
dsd,True,True,32,8,16,4,2,4,64.5190673828125
dsd,True,True,32,8,32,4,8,8,42.91881103515625
dsd,True,True,32,8,64,4,4,16,38.00729675292969
dsd,True,True,32,8,128,4,4,16,36.25267333984375
dsd,True,True,32,16,8,4,16,2,113.594140625
dsd,True,True,32,16,16,8,8,2,63.77820434570312
dsd,True,True,32,16,32,8,2,4,46.9275634765625
dsd,True,True,32,16,64,16,16,2,42.92484130859375
dsd,True,True,32,16,128,8,16,4,36.99824523925781
dsd,True,True,32,32,8,4,2,2,144.70738525390624
dsd,True,True,32,32,16,8,8,2,80.85911254882812
dsd,True,True,32,32,32,16,8,2,54.71138305664063
dsd,True,True,32,32,64,8,2,4,45.3243896484375
dsd,True,True,32,32,128,2,2,2,inf
dsd,True,True,32,64,8,4,4,2,160.2193359375
dsd,True,True,32,64,16,8,4,2,97.89020385742188
dsd,True,True,32,64,32,8,4,2,71.82909545898437
dsd,True,True,32,64,64,2,2,2,inf
dsd,True,True,32,64,128,2,2,2,inf
dsd,True,True,32,128,8,4,8,2,201.171240234375
dsd,True,True,32,128,16,4,2,2,133.8135498046875
dsd,True,True,32,128,32,2,2,2,inf
dsd,True,True,32,128,64,2,2,2,inf
dsd,True,True,32,128,128,2,2,2,inf
dsd,True,True,64,8,8,8,2,4,273.8006103515625
dsd,True,True,64,8,16,8,2,4,82.39605712890625
dsd,True,True,64,8,32,8,2,8,47.792843627929685
dsd,True,True,64,8,64,8,2,8,34.33840637207031
dsd,True,True,64,8,128,8,8,8,28.0742919921875
dsd,True,True,64,16,8,8,2,2,156.6045166015625
dsd,True,True,64,16,16,16,16,2,84.16409301757812
dsd,True,True,64,16,32,8,16,8,51.99247436523437
dsd,True,True,64,16,64,8,16,8,37.035919189453125
dsd,True,True,64,16,128,8,4,8,30.449459838867188
dsd,True,True,64,32,8,8,4,2,187.31827392578128
dsd,True,True,64,32,16,16,16,2,99.79442138671877
dsd,True,True,64,32,32,8,4,4,59.79473876953125
dsd,True,True,64,32,64,16,4,4,41.73803405761719
dsd,True,True,64,32,128,2,2,2,inf
dsd,True,True,64,64,8,8,8,2,199.9794921875
dsd,True,True,64,64,16,8,16,2,112.7275146484375
dsd,True,True,64,64,32,16,4,2,69.20181884765626
dsd,True,True,64,64,64,2,2,2,inf
dsd,True,True,64,64,128,2,2,2,inf
dsd,True,True,64,128,8,4,8,2,228.7771484375
dsd,True,True,64,128,16,4,8,2,133.517724609375
dsd,True,True,64,128,32,2,2,2,inf
dsd,True,True,64,128,64,2,2,2,inf
dsd,True,True,64,128,128,2,2,2,inf
dsd,True,True,128,8,8,2,2,2,inf
dsd,True,True,128,8,16,8,2,8,133.31158447265625
dsd,True,True,128,8,32,8,2,8,76.98534545898437
dsd,True,True,128,8,64,16,2,4,47.61773986816407
dsd,True,True,128,8,128,16,2,4,35.36865234375
dsd,True,True,128,16,8,16,2,2,265.8430908203125
dsd,True,True,128,16,16,8,2,4,139.7401611328125
dsd,True,True,128,16,32,8,16,8,78.98224487304688
dsd,True,True,128,16,64,8,16,8,48.78755798339844
dsd,True,True,128,16,128,8,2,8,35.972607421875
dsd,True,True,128,32,8,16,8,2,299.2164794921875
dsd,True,True,128,32,16,16,8,2,153.24393310546876
dsd,True,True,128,32,32,8,16,4,85.35081176757812
dsd,True,True,128,32,64,8,2,8,51.50474243164062
dsd,True,True,128,32,128,2,2,2,inf
dsd,True,True,128,64,8,8,4,2,312.0203857421875
dsd,True,True,128,64,16,8,4,2,163.46982421875
dsd,True,True,128,64,32,16,8,2,90.49733276367188
dsd,True,True,128,64,64,2,2,2,inf
dsd,True,True,128,64,128,2,2,2,inf
dsd,True,True,128,128,8,2,2,2,inf
dsd,True,True,128,128,16,2,2,2,inf
dsd,True,True,128,128,32,2,2,2,inf
dsd,True,True,128,128,64,2,2,2,inf
dsd,True,True,128,128,128,2,2,2,inf
sdd,False,False,8,8,8,2,2,2,335.815380859375
sdd,False,False,8,8,16,4,4,2,178.04390869140624
sdd,False,False,8,8,32,2,8,8,138.64775390625
sdd,False,False,8,8,64,2,4,16,133.78795166015624
sdd,False,False,8,8,128,2,2,2,inf
sdd,False,False,8,16,8,4,8,2,301.8798095703125
sdd,False,False,8,16,16,2,4,2,169.05899658203126
sdd,False,False,8,16,32,4,4,2,139.20625
sdd,False,False,8,16,64,2,16,8,137.662255859375
sdd,False,False,8,16,128,8,4,4,139.66182861328124
sdd,False,False,8,32,8,2,2,4,294.104052734375
sdd,False,False,8,32,16,4,8,2,158.1086669921875
sdd,False,False,8,32,32,4,8,2,138.7292724609375
sdd,False,False,8,32,64,2,16,4,138.87989501953126
sdd,False,False,8,32,128,8,8,2,139.49183349609376
sdd,False,False,8,64,8,2,4,2,298.197900390625
sdd,False,False,8,64,16,2,4,2,149.730615234375
sdd,False,False,8,64,32,2,4,4,139.41165771484376
sdd,False,False,8,64,64,2,2,2,139.8656982421875
sdd,False,False,8,64,128,4,8,2,139.4408203125
sdd,False,False,8,128,8,2,2,2,inf
sdd,False,False,8,128,16,2,8,2,163.76964111328124
sdd,False,False,8,128,32,2,16,2,140.90045166015625
sdd,False,False,8,128,64,2,16,2,140.58863525390626
sdd,False,False,8,128,128,2,2,2,inf
sdd,False,False,16,8,8,4,4,2,166.25458984375
sdd,False,False,16,8,16,4,8,2,90.27747192382812
sdd,False,False,16,8,32,4,8,8,69.10761108398438
sdd,False,False,16,8,64,4,2,8,67.66807250976562
sdd,False,False,16,8,128,8,4,8,66.71800537109375
sdd,False,False,16,16,8,4,4,2,158.8569091796875
sdd,False,False,16,16,16,2,2,2,84.75748901367187
sdd,False,False,16,16,32,4,2,4,70.751025390625
sdd,False,False,16,16,64,4,4,4,69.515673828125
sdd,False,False,16,16,128,4,16,8,71.41632080078125
sdd,False,False,16,32,8,2,2,2,147.57744140625
sdd,False,False,16,32,16,2,8,2,79.40413208007813
sdd,False,False,16,32,32,2,2,2,70.26575317382813
sdd,False,False,16,32,64,2,4,4,70.35594482421875
sdd,False,False,16,32,128,2,4,8,69.65299072265626
sdd,False,False,16,64,8,2,16,2,136.4761474609375
sdd,False,False,16,64,16,2,4,2,75.92714233398438
sdd,False,False,16,64,32,2,2,2,71.1752685546875
sdd,False,False,16,64,64,2,8,2,71.73375854492187
sdd,False,False,16,64,128,2,16,4,70.2403564453125
sdd,False,False,16,128,8,2,2,2,124.0837158203125
sdd,False,False,16,128,16,2,4,2,81.1736083984375
sdd,False,False,16,128,32,2,8,2,71.90896606445312
sdd,False,False,16,128,64,2,8,2,70.342041015625
sdd,False,False,16,128,128,2,2,2,inf
sdd,False,False,32,8,8,8,2,2,89.910986328125
sdd,False,False,32,8,16,4,8,4,47.08485107421875
sdd,False,False,32,8,32,4,4,8,35.66530151367188
sdd,False,False,32,8,64,8,8,8,36.20536193847656
sdd,False,False,32,8,128,8,2,8,37.362667846679685
sdd,False,False,32,16,8,2,8,4,80.07280883789062
sdd,False,False,32,16,16,8,2,2,47.84732055664063
sdd,False,False,32,16,32,4,8,8,38.042727661132815
sdd,False,False,32,16,64,8,8,2,37.51362609863281
sdd,False,False,32,16,128,4,4,8,37.37781677246094
sdd,False,False,32,32,8,4,8,2,85.47921752929688
sdd,False,False,32,32,16,8,4,2,45.53605041503906
sdd,False,False,32,32,32,8,4,2,36.92113952636719
sdd,False,False,32,32,64,4,4,4,36.73414611816406
sdd,False,False,32,32,128,16,2,2,36.91141052246094
sdd,False,False,32,64,8,4,4,2,90.2134765625
sdd,False,False,32,64,16,4,4,2,52.18754272460937
sdd,False,False,32,64,32,8,8,2,38.48304748535156
sdd,False,False,32,64,64,4,2,2,37.11744079589844
sdd,False,False,32,64,128,4,8,4,35.8972412109375
sdd,False,False,32,128,8,2,2,2,inf
sdd,False,False,32,128,16,2,2,2,inf
sdd,False,False,32,128,32,2,2,2,inf
sdd,False,False,32,128,64,2,2,2,inf
sdd,False,False,32,128,128,2,2,2,inf
sdd,False,False,64,8,8,8,8,4,65.85814819335937
sdd,False,False,64,8,16,8,8,4,31.638424682617188
sdd,False,False,64,8,32,8,2,8,24.71656951904297
sdd,False,False,64,8,64,8,2,8,24.32788543701172
sdd,False,False,64,8,128,8,2,8,23.616490173339844
sdd,False,False,64,16,8,8,2,2,54.6862060546875
sdd,False,False,64,16,16,16,2,2,31.148028564453124
sdd,False,False,64,16,32,8,8,4,25.38966064453125
sdd,False,False,64,16,64,8,16,4,24.080995178222658
sdd,False,False,64,16,128,8,16,8,24.22169647216797
sdd,False,False,64,32,8,8,2,2,77.34814453125
sdd,False,False,64,32,16,8,8,2,44.23567504882813
sdd,False,False,64,32,32,8,8,4,28.473959350585936
sdd,False,False,64,32,64,8,4,4,23.699337768554688
sdd,False,False,64,32,128,8,2,8,24.34996490478516
sdd,False,False,64,64,8,2,2,2,inf
sdd,False,False,64,64,16,2,2,2,inf
sdd,False,False,64,64,32,2,2,2,inf
sdd,False,False,64,64,64,2,2,2,inf
sdd,False,False,64,64,128,2,2,2,inf
sdd,False,False,64,128,8,2,2,2,inf
sdd,False,False,64,128,16,2,2,2,inf
sdd,False,False,64,128,32,2,2,2,inf
sdd,False,False,64,128,64,2,2,2,inf
sdd,False,False,64,128,128,2,2,2,inf
sdd,False,False,128,8,8,16,2,4,58.91676025390625
sdd,False,False,128,8,16,8,8,8,26.94410095214844
sdd,False,False,128,8,32,8,4,8,23.53326110839844
sdd,False,False,128,8,64,16,2,4,21.76747589111328
sdd,False,False,128,8,128,16,4,4,23.42686767578125
sdd,False,False,128,16,8,16,2,2,50.80626525878906
sdd,False,False,128,16,16,16,8,2,28.22850646972656
sdd,False,False,128,16,32,8,4,4,24.08775634765625
sdd,False,False,128,16,64,8,4,8,23.01982727050781
sdd,False,False,128,16,128,8,2,8,23.040103149414065
sdd,False,False,128,32,8,2,2,2,inf
sdd,False,False,128,32,16,2,2,2,inf
sdd,False,False,128,32,32,2,2,2,inf
sdd,False,False,128,32,64,2,2,2,inf
sdd,False,False,128,32,128,2,2,2,inf
sdd,False,False,128,64,8,2,2,2,inf
sdd,False,False,128,64,16,2,2,2,inf
sdd,False,False,128,64,32,2,2,2,inf
sdd,False,False,128,64,64,2,2,2,inf
sdd,False,False,128,64,128,2,2,2,inf
sdd,False,False,128,128,8,2,2,2,inf
sdd,False,False,128,128,16,2,2,2,inf
sdd,False,False,128,128,32,2,2,2,inf
sdd,False,False,128,128,64,2,2,2,inf
sdd,False,False,128,128,128,2,2,2,inf
sdd,False,True,8,8,8,2,2,2,399.1469970703125
sdd,False,True,8,8,16,4,4,4,393.4630859375
sdd,False,True,8,8,32,2,2,8,379.371923828125
sdd,False,True,8,8,64,8,8,16,406.3237060546875
sdd,False,True,8,8,128,4,4,16,394.24541015625
sdd,False,True,8,16,8,2,2,2,206.7267578125
sdd,False,True,8,16,16,4,8,2,198.42396240234376
sdd,False,True,8,16,32,8,8,2,187.6971557617188
sdd,False,True,8,16,64,2,16,16,193.23115234375
sdd,False,True,8,16,128,4,4,16,197.74112548828128
sdd,False,True,8,32,8,2,2,2,271.7641845703125
sdd,False,True,8,32,16,2,16,2,139.34661865234375
sdd,False,True,8,32,32,4,8,2,138.78026123046874
sdd,False,True,8,32,64,2,16,4,139.386962890625
sdd,False,True,8,32,128,8,8,2,140.2882080078125
sdd,False,True,8,64,8,2,2,2,379.437060546875
sdd,False,True,8,64,16,2,2,2,185.58453369140625
sdd,False,True,8,64,32,4,2,2,160.37774658203125
sdd,False,True,8,64,64,4,2,2,159.0248291015625
sdd,False,True,8,64,128,4,16,2,162.72178955078124
sdd,False,True,8,128,8,2,2,2,inf
sdd,False,True,8,128,16,2,16,2,306.841796875
sdd,False,True,8,128,32,2,8,2,288.7798828125
sdd,False,True,8,128,64,2,4,2,288.84541015625
sdd,False,True,8,128,128,2,2,2,inf
sdd,False,True,16,8,8,2,4,4,202.17528076171877
sdd,False,True,16,8,16,4,2,4,194.959765625
sdd,False,True,16,8,32,8,2,2,181.95906982421877
sdd,False,True,16,8,64,4,4,8,177.53671875
sdd,False,True,16,8,128,4,2,16,169.419775390625
sdd,False,True,16,16,8,2,2,2,101.73458862304688
sdd,False,True,16,16,16,4,2,2,100.47365112304688
sdd,False,True,16,16,32,8,4,2,92.6509033203125
sdd,False,True,16,16,64,2,16,8,95.26671142578124
sdd,False,True,16,16,128,8,16,4,100.47825927734377
sdd,False,True,16,32,8,2,2,2,122.93560791015624
sdd,False,True,16,32,16,4,8,2,80.80701293945313
sdd,False,True,16,32,32,4,16,4,71.40126953125
sdd,False,True,16,32,64,4,16,2,71.59755249023438
sdd,False,True,16,32,128,4,4,4,71.12864990234375
sdd,False,True,16,64,8,2,8,2,165.405078125
sdd,False,True,16,64,16,4,2,2,114.4490966796875
sdd,False,True,16,64,32,8,4,2,95.41509399414062
sdd,False,True,16,64,64,4,8,4,92.25265502929688
sdd,False,True,16,64,128,8,16,2,92.0755126953125
sdd,False,True,16,128,8,2,4,2,235.228369140625
sdd,False,True,16,128,16,4,16,2,184.256689453125
sdd,False,True,16,128,32,4,2,2,156.644970703125
sdd,False,True,16,128,64,4,2,2,155.04056396484376
sdd,False,True,16,128,128,2,2,2,inf
sdd,False,True,32,8,8,8,4,2,103.24459228515624
sdd,False,True,32,8,16,4,8,4,97.24036865234376
sdd,False,True,32,8,32,2,8,16,89.53897094726562
sdd,False,True,32,8,64,8,8,8,89.11841430664063
sdd,False,True,32,8,128,8,4,16,93.94298706054688
sdd,False,True,32,16,8,4,16,2,68.28972778320312
sdd,False,True,32,16,16,8,2,2,51.45518188476562
sdd,False,True,32,16,32,8,16,4,49.334170532226565
sdd,False,True,32,16,64,2,4,8,49.61821899414063
sdd,False,True,32,16,128,2,4,16,49.259622192382814
sdd,False,True,32,32,8,4,4,2,96.26163330078126
sdd,False,True,32,32,16,8,8,2,60.615576171875
sdd,False,True,32,32,32,16,4,2,44.796722412109375
sdd,False,True,32,32,64,8,2,4,38.72890930175781
sdd,False,True,32,32,128,8,16,4,38.10281982421875
sdd,False,True,32,64,8,4,2,2,116.53406982421876
sdd,False,True,32,64,16,8,8,2,80.78519287109376
sdd,False,True,32,64,32,8,16,2,60.293634033203126
sdd,False,True,32,64,64,4,16,4,56.82205810546875
sdd,False,True,32,64,128,8,4,4,56.6828857421875
sdd,False,True,32,128,8,2,2,2,inf
sdd,False,True,32,128,16,2,2,2,inf
sdd,False,True,32,128,32,2,2,2,inf
sdd,False,True,32,128,64,2,2,2,inf
sdd,False,True,32,128,128,2,2,2,inf
sdd,False,True,64,8,8,8,4,4,66.53447875976562
sdd,False,True,64,8,16,2,8,16,50.67438049316407
sdd,False,True,64,8,32,8,2,8,49.14698181152344
sdd,False,True,64,8,64,2,4,16,49.4206787109375
sdd,False,True,64,8,128,8,2,8,48.49561462402344
sdd,False,True,64,16,8,8,2,2,54.80970458984375
sdd,False,True,64,16,16,16,4,2,33.95225524902344
sdd,False,True,64,16,32,8,4,8,28.88048706054688
sdd,False,True,64,16,64,8,16,4,27.716162109375
sdd,False,True,64,16,128,8,2,8,27.1791015625
sdd,False,True,64,32,8,8,8,2,84.09588623046875
sdd,False,True,64,32,16,8,4,2,50.90191345214844
sdd,False,True,64,32,32,8,8,4,35.54404296875
sdd,False,True,64,32,64,16,2,4,29.81189880371094
sdd,False,True,64,32,128,8,4,8,27.36670837402344
sdd,False,True,64,64,8,2,2,2,inf
sdd,False,True,64,64,16,2,2,2,inf
sdd,False,True,64,64,32,2,2,2,inf
sdd,False,True,64,64,64,2,2,2,inf
sdd,False,True,64,64,128,2,2,2,inf
sdd,False,True,64,128,8,2,2,2,inf
sdd,False,True,64,128,16,2,2,2,inf
sdd,False,True,64,128,32,2,2,2,inf
sdd,False,True,64,128,64,2,2,2,inf
sdd,False,True,64,128,128,2,2,2,inf
sdd,False,True,128,8,8,16,8,4,58.8000244140625
sdd,False,True,128,8,16,8,8,8,32.438168334960935
sdd,False,True,128,8,32,4,2,16,30.158950805664062
sdd,False,True,128,8,64,16,4,4,28.051763916015624
sdd,False,True,128,8,128,16,4,4,27.196417236328124
sdd,False,True,128,16,8,16,2,2,49.500979614257815
sdd,False,True,128,16,16,16,4,2,31.385806274414065
sdd,False,True,128,16,32,8,2,4,24.700518798828124
sdd,False,True,128,16,64,8,16,8,23.897190856933594
sdd,False,True,128,16,128,8,8,8,23.10245056152344
sdd,False,True,128,32,8,2,2,2,inf
sdd,False,True,128,32,16,2,2,2,inf
sdd,False,True,128,32,32,2,2,2,inf
sdd,False,True,128,32,64,2,2,2,inf
sdd,False,True,128,32,128,2,2,2,inf
sdd,False,True,128,64,8,2,2,2,inf
sdd,False,True,128,64,16,2,2,2,inf
sdd,False,True,128,64,32,2,2,2,inf
sdd,False,True,128,64,64,2,2,2,inf
sdd,False,True,128,64,128,2,2,2,inf
sdd,False,True,128,128,8,2,2,2,inf
sdd,False,True,128,128,16,2,2,2,inf
sdd,False,True,128,128,32,2,2,2,inf
sdd,False,True,128,128,64,2,2,2,inf
sdd,False,True,128,128,128,2,2,2,inf
sdd,True,False,8,8,8,2,2,2,331.9246826171875
sdd,True,False,8,8,16,4,2,2,174.82608642578126
sdd,True,False,8,8,32,2,2,8,137.649462890625
sdd,True,False,8,8,64,2,2,16,135.867578125
sdd,True,False,8,8,128,2,2,2,inf
sdd,True,False,8,16,8,4,4,2,286.2996337890625
sdd,True,False,8,16,16,4,16,2,159.4926025390625
sdd,True,False,8,16,32,4,16,2,137.52545166015625
sdd,True,False,8,16,64,8,2,4,138.6809326171875
sdd,True,False,8,16,128,2,4,16,89.31604614257813
sdd,True,False,8,32,8,2,4,2,272.43427734375
sdd,True,False,8,32,16,4,4,2,154.5417724609375
sdd,True,False,8,32,32,4,4,2,139.97801513671874
sdd,True,False,8,32,64,2,4,4,138.064794921875
sdd,True,False,8,32,128,4,2,8,114.269384765625
sdd,True,False,8,64,8,2,4,2,268.17177734375
sdd,True,False,8,64,16,2,4,2,147.4407470703125
sdd,True,False,8,64,32,2,4,2,140.5033447265625
sdd,True,False,8,64,64,2,4,2,139.827099609375
sdd,True,False,8,64,128,4,8,2,140.272216796875
sdd,True,False,8,128,8,2,8,2,306.680810546875
sdd,True,False,8,128,16,2,16,2,159.9556640625
sdd,True,False,8,128,32,2,2,2,140.867578125
sdd,True,False,8,128,64,2,8,2,140.7084228515625
sdd,True,False,8,128,128,2,2,2,inf
sdd,True,False,16,8,8,4,8,2,167.96077880859374
sdd,True,False,16,8,16,4,4,2,89.021435546875
sdd,True,False,16,8,32,2,2,8,68.0089599609375
sdd,True,False,16,8,64,2,4,16,60.29833984375
sdd,True,False,16,8,128,8,2,8,67.69019165039063
sdd,True,False,16,16,8,2,8,2,147.019873046875
sdd,True,False,16,16,16,4,8,2,81.14429931640625
sdd,True,False,16,16,32,2,16,8,65.33638916015624
sdd,True,False,16,16,64,2,16,8,67.8930419921875
sdd,True,False,16,16,128,4,2,8,69.011865234375
sdd,True,False,16,32,8,2,8,2,143.04644775390625
sdd,True,False,16,32,16,4,2,2,78.46348876953125
sdd,True,False,16,32,32,2,16,4,70.1560546875
sdd,True,False,16,32,64,4,4,2,70.5028076171875
sdd,True,False,16,32,128,2,8,8,69.9884521484375
sdd,True,False,16,64,8,2,8,2,128.64287109375
sdd,True,False,16,64,16,4,2,2,76.81822509765625
sdd,True,False,16,64,32,2,4,2,71.68389282226562
sdd,True,False,16,64,64,2,2,4,72.18800048828125
sdd,True,False,16,64,128,2,16,4,70.818896484375
sdd,True,False,16,128,8,2,4,2,133.293359375
sdd,True,False,16,128,16,2,4,2,82.89126586914062
sdd,True,False,16,128,32,2,16,2,72.04392700195312
sdd,True,False,16,128,64,2,16,2,70.67965698242188
sdd,True,False,16,128,128,2,2,2,inf
sdd,True,False,32,8,8,4,4,4,176.229248046875
sdd,True,False,32,8,16,4,4,4,60.4487548828125
sdd,True,False,32,8,32,8,4,4,38.89284973144531
sdd,True,False,32,8,64,4,4,16,35.1984619140625
sdd,True,False,32,8,128,16,4,4,34.594305419921874
sdd,True,False,32,16,8,4,8,2,106.14056396484376
sdd,True,False,32,16,16,8,2,2,58.323150634765625
sdd,True,False,32,16,32,8,16,4,37.98722534179687
sdd,True,False,32,16,64,4,4,8,35.280792236328125
sdd,True,False,32,16,128,4,2,8,35.26717529296875
sdd,True,False,32,32,8,4,4,2,131.6276123046875
sdd,True,False,32,32,16,8,16,2,67.39619750976563
sdd,True,False,32,32,32,16,16,2,42.02823791503906
sdd,True,False,32,32,64,4,2,4,37.22391357421875
sdd,True,False,32,32,128,16,2,2,36.79732055664063
sdd,True,False,32,64,8,4,4,2,132.349853515625
sdd,True,False,32,64,16,8,4,2,70.10160522460937
sdd,True,False,32,64,32,8,16,2,44.479888916015625
sdd,True,False,32,64,64,4,16,4,37.58006286621094
sdd,True,False,32,64,128,8,8,2,36.60861511230469
sdd,True,False,32,128,8,2,2,2,inf
sdd,True,False,32,128,16,2,2,2,inf
sdd,True,False,32,128,32,2,2,2,inf
sdd,True,False,32,128,64,2,2,2,inf
sdd,True,False,32,128,128,2,2,2,inf
sdd,True,False,64,8,8,8,4,4,268.561083984375
sdd,True,False,64,8,16,8,4,4,78.65259399414063
sdd,True,False,64,8,32,8,2,8,45.51227111816407
sdd,True,False,64,8,64,8,2,8,32.8384521484375
sdd,True,False,64,8,128,16,2,4,27.167947387695317
sdd,True,False,64,16,8,8,8,2,153.704248046875
sdd,True,False,64,16,16,16,4,2,80.04147338867188
sdd,True,False,64,16,32,8,4,8,48.03604431152344
sdd,True,False,64,16,64,8,16,8,33.970159912109374
sdd,True,False,64,16,128,8,16,8,27.25079040527344
sdd,True,False,64,32,8,8,4,2,181.22647705078128
sdd,True,False,64,32,16,16,16,2,93.31394653320312
sdd,True,False,64,32,32,16,8,2,52.166839599609375
sdd,True,False,64,32,64,16,4,4,34.93907165527344
sdd,True,False,64,32,128,8,8,8,27.719146728515625
sdd,True,False,64,64,8,2,2,2,inf
sdd,True,False,64,64,16,2,2,2,inf
sdd,True,False,64,64,32,2,2,2,inf
sdd,True,False,64,64,64,2,2,2,inf
sdd,True,False,64,64,128,2,2,2,inf
sdd,True,False,64,128,8,2,2,2,inf
sdd,True,False,64,128,16,2,2,2,inf
sdd,True,False,64,128,32,2,2,2,inf
sdd,True,False,64,128,64,2,2,2,inf
sdd,True,False,64,128,128,2,2,2,inf
sdd,True,False,128,8,8,2,2,2,inf
sdd,True,False,128,8,16,8,2,8,131.68056640625
sdd,True,False,128,8,32,8,8,8,74.3488525390625
sdd,True,False,128,8,64,16,2,4,46.31574401855469
sdd,True,False,128,8,128,16,4,4,34.64796142578125
sdd,True,False,128,16,8,16,2,2,263.7873046875
sdd,True,False,128,16,16,8,16,4,138.96048583984376
sdd,True,False,128,16,32,8,4,4,76.269775390625
sdd,True,False,128,16,64,8,8,8,47.12089538574219
sdd,True,False,128,16,128,8,2,8,33.60276489257812
sdd,True,False,128,32,8,2,2,2,inf
sdd,True,False,128,32,16,2,2,2,inf
sdd,True,False,128,32,32,2,2,2,inf
sdd,True,False,128,32,64,2,2,2,inf
sdd,True,False,128,32,128,2,2,2,inf
sdd,True,False,128,64,8,2,2,2,inf
sdd,True,False,128,64,16,2,2,2,inf
sdd,True,False,128,64,32,2,2,2,inf
sdd,True,False,128,64,64,2,2,2,inf
sdd,True,False,128,64,128,2,2,2,inf
sdd,True,False,128,128,8,2,2,2,inf
sdd,True,False,128,128,16,2,2,2,inf
sdd,True,False,128,128,32,2,2,2,inf
sdd,True,False,128,128,64,2,2,2,inf
sdd,True,False,128,128,128,2,2,2,inf
sdd,True,True,8,8,8,2,4,2,394.5120849609375
sdd,True,True,8,8,16,4,4,4,392.31640625
sdd,True,True,8,8,32,8,2,8,393.6521240234375
sdd,True,True,8,8,64,8,8,16,399.4498046875
sdd,True,True,8,8,128,8,4,16,368.1553466796875
sdd,True,True,8,16,8,2,2,2,211.0720947265625
sdd,True,True,8,16,16,4,8,2,198.96678466796877
sdd,True,True,8,16,32,2,4,8,135.47017822265624
sdd,True,True,8,16,64,2,16,16,196.57532958984376
sdd,True,True,8,16,128,4,2,16,212.0193115234375
sdd,True,True,8,32,8,2,4,2,276.9596435546875
sdd,True,True,8,32,16,2,8,2,140.61495361328124
sdd,True,True,8,32,32,4,16,2,140.7639404296875
sdd,True,True,8,32,64,2,16,4,132.995361328125
sdd,True,True,8,32,128,2,8,8,139.485595703125
sdd,True,True,8,64,8,2,8,2,388.26220703125
sdd,True,True,8,64,16,2,8,2,188.8723876953125
sdd,True,True,8,64,32,4,2,2,161.6533447265625
sdd,True,True,8,64,64,4,2,2,158.7583740234375
sdd,True,True,8,64,128,4,2,2,161.5098876953125
sdd,True,True,8,128,8,2,2,2,inf
sdd,True,True,8,128,16,2,8,2,303.521484375
sdd,True,True,8,128,32,2,8,2,286.98173828125
sdd,True,True,8,128,64,2,16,2,287.9983642578125
sdd,True,True,8,128,128,2,2,2,inf
sdd,True,True,16,8,8,4,8,2,199.2115234375
sdd,True,True,16,8,16,2,8,8,163.0445556640625
sdd,True,True,16,8,32,8,4,2,191.45748291015624
sdd,True,True,16,8,64,2,8,16,174.1875244140625
sdd,True,True,16,8,128,16,2,4,181.5934936523437
sdd,True,True,16,16,8,2,2,2,109.806982421875
sdd,True,True,16,16,16,2,8,2,100.20831298828124
sdd,True,True,16,16,32,2,2,8,90.9896728515625
sdd,True,True,16,16,64,4,4,16,98.95485229492188
sdd,True,True,16,16,128,16,4,8,101.83095092773438
sdd,True,True,16,32,8,2,2,2,144.5086181640625
sdd,True,True,16,32,16,4,2,2,88.58931274414063
sdd,True,True,16,32,32,8,16,2,71.0134765625
sdd,True,True,16,32,64,4,2,2,71.24826049804688
sdd,True,True,16,32,128,4,2,4,58.90867309570312
sdd,True,True,16,64,8,2,8,2,174.74434814453124
sdd,True,True,16,64,16,4,2,2,119.31842041015624
sdd,True,True,16,64,32,8,4,2,97.280615234375
sdd,True,True,16,64,64,8,8,2,92.27171630859377
sdd,True,True,16,64,128,8,16,2,90.8737548828125
sdd,True,True,16,128,8,2,4,2,246.051220703125
sdd,True,True,16,128,16,4,2,2,185.49586181640623
sdd,True,True,16,128,32,4,2,2,157.97952880859376
sdd,True,True,16,128,64,4,2,2,155.3543212890625
sdd,True,True,16,128,128,2,2,2,inf
sdd,True,True,32,8,8,8,8,2,176.8541015625
sdd,True,True,32,8,16,8,2,2,91.57816162109376
sdd,True,True,32,8,32,2,2,16,84.89727783203125
sdd,True,True,32,8,64,4,8,16,94.82096557617189
sdd,True,True,32,8,128,16,8,4,46.93627014160156
sdd,True,True,32,16,8,4,16,2,111.23956298828124
sdd,True,True,32,16,16,8,4,2,62.79331665039062
sdd,True,True,32,16,32,4,8,8,47.13816528320312
sdd,True,True,32,16,64,4,2,8,46.6570068359375
sdd,True,True,32,16,128,4,2,8,47.15612182617188
sdd,True,True,32,32,8,4,4,2,144.31630859375
sdd,True,True,32,32,16,8,4,2,80.0415771484375
sdd,True,True,32,32,32,16,4,2,54.29685668945312
sdd,True,True,32,32,64,8,8,4,42.0193115234375
sdd,True,True,32,32,128,8,4,4,39.480831909179685
sdd,True,True,32,64,8,4,4,2,158.8496337890625
sdd,True,True,32,64,16,8,4,2,97.16746215820312
sdd,True,True,32,64,32,8,4,2,70.76669311523438
sdd,True,True,32,64,64,4,16,4,60.86021118164062
sdd,True,True,32,64,128,8,4,4,57.81491088867188
sdd,True,True,32,128,8,2,2,2,inf
sdd,True,True,32,128,16,2,2,2,inf
sdd,True,True,32,128,32,2,2,2,inf
sdd,True,True,32,128,64,2,2,2,inf
sdd,True,True,32,128,128,2,2,2,inf
sdd,True,True,64,8,8,8,4,4,271.0641357421875
sdd,True,True,64,8,16,8,8,4,79.34187622070313
sdd,True,True,64,8,32,8,2,8,52.03404541015625
sdd,True,True,64,8,64,4,4,8,48.49459228515625
sdd,True,True,64,8,128,4,8,16,44.99393615722656
sdd,True,True,64,16,8,8,8,2,156.43052978515624
sdd,True,True,64,16,16,16,8,2,82.55426635742188
sdd,True,True,64,16,32,8,4,8,50.67550659179688
sdd,True,True,64,16,64,8,16,8,36.721435546875
sdd,True,True,64,16,128,8,16,8,29.921484375
sdd,True,True,64,32,8,8,8,2,186.93447265625
sdd,True,True,64,32,16,16,16,2,98.87877197265624
sdd,True,True,64,32,32,8,2,4,58.901708984375
sdd,True,True,64,32,64,8,8,4,40.33217468261719
sdd,True,True,64,32,128,8,2,8,33.15773315429688
sdd,True,True,64,64,8,2,2,2,inf
sdd,True,True,64,64,16,2,2,2,inf
sdd,True,True,64,64,32,2,2,2,inf
sdd,True,True,64,64,64,2,2,2,inf
sdd,True,True,64,64,128,2,2,2,inf
sdd,True,True,64,128,8,2,2,2,inf
sdd,True,True,64,128,16,2,2,2,inf
sdd,True,True,64,128,32,2,2,2,inf
sdd,True,True,64,128,64,2,2,2,inf
sdd,True,True,64,128,128,2,2,2,inf
sdd,True,True,128,8,8,2,2,2,inf
sdd,True,True,128,8,16,16,2,4,132.443115234375
sdd,True,True,128,8,32,8,4,8,74.8948486328125
sdd,True,True,128,8,64,16,2,4,47.04788513183594
sdd,True,True,128,8,128,16,4,4,34.53890686035156
sdd,True,True,128,16,8,16,2,2,265.3760498046875
sdd,True,True,128,16,16,8,16,4,139.68486328125
sdd,True,True,128,16,32,8,4,4,77.770751953125
sdd,True,True,128,16,64,8,2,8,48.09429626464844
sdd,True,True,128,16,128,8,2,8,34.45206909179687
sdd,True,True,128,32,8,2,2,2,inf
sdd,True,True,128,32,16,2,2,2,inf
sdd,True,True,128,32,32,2,2,2,inf
sdd,True,True,128,32,64,2,2,2,inf
sdd,True,True,128,32,128,2,2,2,inf
sdd,True,True,128,64,8,2,2,2,inf
sdd,True,True,128,64,16,2,2,2,inf
sdd,True,True,128,64,32,2,2,2,inf
sdd,True,True,128,64,64,2,2,2,inf
sdd,True,True,128,64,128,2,2,2,inf
sdd,True,True,128,128,8,2,2,2,inf
sdd,True,True,128,128,16,2,2,2,inf
sdd,True,True,128,128,32,2,2,2,inf
sdd,True,True,128,128,64,2,2,2,inf
sdd,True,True,128,128,128,2,2,2,inf
